Date,Month,Account,Project,Amount,Currency,Status
2026-07-02,2026-07,Electricity,Kabul Office,11900,AFN,Pending
2026-07-04,2026-07,Transport,Kabul Office,19900,AFN,Paid
2026-07-04,2026-07,Transport,Mazar Site,16300,AFN,Paid
2026-07-04,2026-07,Transport,Mazar Site,21900,AFN,Paid
2026-07-10,2026-07,Rent,Mazar Site,92400,AFN,Paid
2026-07-11,2026-07,Rent,Kabul Office,70100,AFN,Paid
2026-07-13,2026-07,Salaries,Kabul Office,320800,AFN,Pending
2026-07-14,2026-07,Salaries,Mazar Site,192100,AFN,Paid
2026-07-20,2026-07,Rent,Mazar Site,75700,AFN,Paid
2026-07-21,2026-07,Transport,Mazar Site,25200,AFN,Pending
2026-07-25,2026-07,Fuel,Herat Warehouse,13800,AFN,Paid
2026-07-27,2026-07,Transport,Mazar Site,13300,AFN,Paid
2026-07-28,2026-07,Rent,Kabul Office,64200,AFN,Pending
2026-07-30,2026-07,Transport,Kabul Office,15000,AFN,Paid
2026-08-01,2026-08,Materials,Mazar Site,50900,AFN,Paid
2026-08-03,2026-08,Electricity,Herat Warehouse,7900,AFN,Paid
2026-08-03,2026-08,Transport,Herat Warehouse,16200,AFN,Paid
2026-08-06,2026-08,Materials,Herat Warehouse,52800,AFN,Paid
2026-08-10,2026-08,Office,Mazar Site,6900,AFN,Paid
2026-08-10,2026-08,Office,Mazar Site,8000,AFN,Paid
2026-08-16,2026-08,Salaries,Herat Warehouse,188100,AFN,Paid
2026-08-17,2026-08,Materials,Herat Warehouse,42900,AFN,Paid
2026-08-23,2026-08,Fuel,Mazar Site,15200,AFN,Paid
2026-08-23,2026-08,Office,Mazar Site,5100,AFN,Pending
2026-08-24,2026-08,Materials,Kabul Office,48000,AFN,Paid
2026-08-24,2026-08,Rent,Herat Warehouse,70200,AFN,Paid
2026-08-25,2026-08,Transport,Herat Warehouse,20000,AFN,Paid
2026-08-30,2026-08,Materials,Mazar Site,53700,AFN,Paid
2026-09-04,2026-09,Salaries,Mazar Site,249100,AFN,Paid
2026-09-05,2026-09,Salaries,Kabul Office,180800,AFN,Pending
2026-09-08,2026-09,Salaries,Mazar Site,234800,AFN,Paid
2026-09-09,2026-09,Fuel,Herat Warehouse,9000,AFN,Pending
2026-09-12,2026-09,Transport,Kabul Office,12300,AFN,Pending
2026-09-12,2026-09,Transport,Kabul Office,19900,AFN,Pending
2026-09-13,2026-09,Materials,Kabul Office,52700,AFN,Paid
2026-09-13,2026-09,Rent,Herat Warehouse,83500,AFN,Pending
2026-09-14,2026-09,Fuel,Herat Warehouse,16100,AFN,Paid
2026-09-15,2026-09,Rent,Mazar Site,54100,AFN,Paid
2026-09-21,2026-09,Materials,Kabul Office,38600,AFN,Paid
2026-09-24,2026-09,Salaries,Mazar Site,229900,AFN,Pending
2026-09-27,2026-09,Materials,Herat Warehouse,72200,AFN,Pending
2026-09-28,2026-09,Transport,Mazar Site,25300,AFN,Pending
