Date,Month,Customer,Product,Quantity,Total,Currency
2026-07-05,2026-07,Sadat Group,Tiles,18,21600,AFN
2026-07-07,2026-07,Barakzai Co,Cement,72,86400,AFN
2026-07-12,2026-07,Ahmadi Traders,Tiles,65,29250,AFN
2026-07-15,2026-07,Sadat Group,Cement,66,19800,AFN
2026-07-17,2026-07,Ahmadi Traders,Cement,68,81600,AFN
2026-07-17,2026-07,Sadat Group,Steel,51,45900,AFN
2026-07-18,2026-07,Barakzai Co,Steel,74,88800,AFN
2026-07-25,2026-07,Ahmadi Traders,Paint,72,86400,AFN
2026-07-26,2026-07,Barakzai Co,Steel,35,10500,AFN
2026-07-27,2026-07,Popal Logistics,Cement,93,83700,AFN
2026-08-05,2026-08,Popal Logistics,Tiles,8,7200,AFN
2026-08-08,2026-08,Sadat Group,Steel,65,58500,AFN
2026-08-14,2026-08,Ahmadi Traders,Tiles,106,127200,AFN
2026-08-15,2026-08,Barakzai Co,Steel,56,25200,AFN
2026-08-16,2026-08,Noori Store,Paint,84,37800,AFN
2026-08-23,2026-08,Noori Store,Paint,82,98400,AFN
2026-08-26,2026-08,Ahmadi Traders,Tiles,87,39150,AFN
2026-08-26,2026-08,Noori Store,Steel,96,86400,AFN
2026-08-26,2026-08,Sadat Group,Steel,40,12000,AFN
2026-08-31,2026-08,Barakzai Co,Cement,51,22950,AFN
2026-09-01,2026-09,Popal Logistics,Steel,6,2700,AFN
2026-09-09,2026-09,Popal Logistics,Steel,32,38400,AFN
2026-09-14,2026-09,Barakzai Co,Cement,116,104400,AFN
2026-09-18,2026-09,Noori Store,Steel,24,10800,AFN
2026-09-20,2026-09,Barakzai Co,Steel,5,4500,AFN
2026-09-22,2026-09,Popal Logistics,Steel,49,44100,AFN
2026-09-22,2026-09,Popal Logistics,Steel,79,23700,AFN
2026-09-25,2026-09,Sadat Group,Tiles,80,96000,AFN
2026-09-26,2026-09,Popal Logistics,Tiles,88,79200,AFN
2026-09-27,2026-09,Sadat Group,Tiles,21,9450,AFN
